ParticipantID,X,Z,Frame,Total Time,Lapsed Time,Target Name,X Euler Angle,Y Euler Angle,Z Euler Angle
,0,-4.1,0,0.02,0.02,Automobile shop,(0.0, 0.0, 0.0)
,0,-4.1,1,0.04,0.04,Automobile shop,(0.0, 0.0, 0.0)
,0,-4.1,2,0.06,0.06,Automobile shop,(0.0, 0.0, 0.0)
,0,-4.1,3,0.3933333,0.3933333,Automobile shop,(357.3, 56.0, 6.1)
,0,-4.1,4,0.4745421,0.4745421,Automobile shop,(357.3, 56.0, 6.1)
,0,-4.1,5,0.4945352,0.4945352,Automobile shop,(357.3, 56.0, 6.1)
,0,-4.1,6,0.5041462,0.5041462,Automobile shop,(357.3, 56.0, 6.1)
,0,-4.1,7,0.5075243,0.5075243,Automobile shop,(357.3, 56.0, 6.1)
,0,-4.1,8,0.5145709,0.5145709,Automobile shop,(357.3, 56.0, 6.1)
,0,-4.1,9,0.5214692,0.5214692,Automobile shop,(357.3, 56.0, 6.1)
,0,-4.1,10,0.5292735,0.5292735,Automobile shop,(357.3, 56.0, 6.1)
,0,-4.1,11,0.5358039,0.5358039,Automobile shop,(357.3, 56.0, 6.1)
,0,-4.1,12,0.5423579,0.5423579,Automobile shop,(357.3, 56.0, 6.1)
,0,-4.1,13,0.549328,0.549328,Automobile shop,(357.3, 56.0, 6.1)
,0,-4.1,14,0.5615599,0.5615599,Automobile shop,(357.3, 56.0, 6.1)
,0,-4.1,15,0.5653471,0.5653471,Automobile shop,(357.3, 56.0, 6.1)
,0,-4.1,16,0.5707148,0.5707148,Automobile shop,(357.3, 56.0, 6.1)
,0,-4.1,17,0.5828656,0.5828656,Automobile shop,(357.3, 56.0, 6.1)
,0,-4.1,18,0.5868755,0.5868755,Automobile shop,(357.3, 56.0, 6.1)
,0,-4.1,19,0.5935952,0.5935952,Automobile shop,(357.3, 56.0, 6.1)
,0,-4.1,20,0.5980021,0.5980021,Automobile shop,(357.3, 56.0, 6.1)
,0,-4.1,21,0.6045353,0.6045353,Automobile shop,(357.3, 56.0, 6.1)
,0,-4.1,22,0.6117302,0.6117302,Automobile shop,(357.3, 56.0, 6.1)
,0,-4.1,23,0.6185391,0.6185391,Automobile shop,(357.3, 56.0, 6.1)
,0,-4.1,24,0.6253075,0.6253075,Automobile shop,(357.3, 56.0, 6.1)
,0,-4.1,25,0.6323262,0.6323262,Automobile shop,(357.3, 56.0, 6.1)
,0,-4.1,26,0.6399232,0.6399232,Automobile shop,(357.3, 56.0, 6.1)
,0,-4.1,27,0.6465064,0.6465064,Automobile shop,(357.3, 56.0, 6.1)
,0,-4.1,28,0.6537057,0.6537057,Automobile shop,(357.3, 56.0, 6.1)
,0,-4.1,29,0.8229316,0.8229316,Automobile shop,(357.3, 56.0, 6.1)
,0,-4.1,30,0.8487374,0.8487374,Automobile shop,(357.3, 56.0, 6.1)
,0,-4.1,31,0.8591202,0.8591202,Automobile shop,(357.3, 56.0, 6.1)
,0,-4.1,32,0.8629969,0.8629969,Automobile shop,(357.3, 56.0, 6.1)
,0,-4.1,33,0.8684815,0.8684815,Automobile shop,(357.3, 56.0, 6.1)
,0,-4.1,34,0.8754727,0.8754727,Automobile shop,(357.3, 56.0, 6.1)
,0,-4.1,35,0.8821831,0.8821831,Automobile shop,(357.3, 56.0, 6.1)
,0,-4.1,36,0.8893591,0.8893591,Automobile shop,(357.3, 56.0, 6.1)
,0,-4.1,37,0.8962954,0.8962954,Automobile shop,(357.3, 56.0, 6.1)
,0,-4.1,38,0.9032925,0.9032925,Automobile shop,(357.3, 56.0, 6.1)
,0,-4.1,39,0.9102375,0.9102375,Automobile shop,(357.3, 56.0, 6.1)
,0,-4.1,40,0.9171788,0.9171788,Automobile shop,(357.3, 56.0, 6.1)
,0,-4.1,41,0.9241385,0.9241385,Automobile shop,(357.3, 56.0, 6.1)
,0,-4.1,42,0.9310569,0.9310569,Automobile shop,(357.3, 56.0, 6.1)
,0,-4.1,43,0.9378796,0.9378796,Automobile shop,(357.3, 56.0, 6.1)
,0,-4.1,44,0.9447651,0.9447651,Automobile shop,(357.3, 56.0, 6.1)
,0,-4.1,45,0.9519212,0.9519212,Automobile shop,(357.3, 56.0, 6.1)
,0,-4.1,46,0.9590291,0.9590291,Automobile shop,(357.3, 56.0, 6.1)
,0,-4.1,47,0.9658833,0.9658833,Automobile shop,(357.3, 56.0, 6.1)
,0,-4.1,48,0.9726934,0.9726934,Automobile shop,(357.3, 56.0, 6.1)
,0,-4.1,49,0.9797508,0.9797508,Automobile shop,(357.3, 56.0, 6.1)
,0,-4.1,50,0.9883789,0.9883789,Automobile shop,(357.3, 56.0, 6.1)
,0,-4.1,51,0.9960735,0.9960735,Automobile shop,(357.3, 56.0, 6.1)
,0,-4.1,52,1.005679,1.005679,Automobile shop,(357.3, 56.0, 6.1)
,0,-4.1,53,1.010363,1.010363,Automobile shop,(357.3, 56.0, 6.1)
,0,-4.1,54,1.014259,1.014259,Automobile shop,(357.3, 56.0, 6.1)
,0,-4.1,55,1.021172,1.021172,Automobile shop,(357.3, 56.0, 6.1)
,0,-4.1,56,1.027931,1.027931,Automobile shop,(357.3, 56.0, 6.1)
,0,-4.1,57,1.035827,1.035827,Automobile shop,(357.3, 56.0, 6.1)
,0,-4.1,58,1.041884,1.041884,Automobile shop,(357.3, 56.0, 6.1)
,0,-4.1,59,1.048984,1.048984,Automobile shop,(357.3, 56.0, 6.1)
,0,-4.1,60,1.055745,1.055745,Automobile shop,(357.3, 56.0, 6.1)
,0,-4.1,61,1.065812,1.065812,Automobile shop,(357.3, 56.0, 6.1)
,0,-4.1,62,1.069696,1.069696,Automobile shop,(357.3, 56.0, 6.1)
,0,-4.1,63,1.080043,1.080043,Automobile shop,(357.3, 56.0, 6.1)
,0,-4.1,64,1.083474,1.083474,Automobile shop,(357.3, 56.0, 6.1)
,0,-4.1,65,1.090585,1.090585,Automobile shop,(357.3, 56.0, 6.1)
,0,-4.1,66,1.097789,1.097789,Automobile shop,(357.3, 56.0, 6.1)
,0,-4.1,67,1.104382,1.104382,Automobile shop,(357.3, 56.0, 6.1)
,0,-4.1,68,1.111955,1.111955,Automobile shop,(357.3, 56.0, 6.1)
,0,-4.1,69,1.11833,1.11833,Automobile shop,(357.3, 56.0, 6.1)
,0,-4.1,70,1.125188,1.125188,Automobile shop,(357.3, 56.0, 6.1)
,0,-4.1,71,1.132278,1.132278,Automobile shop,(357.3, 56.0, 6.1)
,0,-4.1,72,1.139169,1.139169,Automobile shop,(357.3, 56.0, 6.1)
,0,-4.1,73,1.146182,1.146182,Automobile shop,(357.3, 56.0, 6.1)
,0,-4.1,74,1.152941,1.152941,Automobile shop,(357.3, 56.0, 6.1)
,0,-4.1,75,1.16023,1.16023,Automobile shop,(357.3, 56.0, 6.1)
,0,-4.1,76,1.166929,1.166929,Automobile shop,(357.3, 56.0, 6.1)
,0,-4.1,77,1.17387,1.17387,Automobile shop,(357.3, 56.0, 6.1)
,0,-4.1,78,1.180816,1.180816,Automobile shop,(357.3, 56.0, 6.1)
,0,-4.1,79,1.18764,1.18764,Automobile shop,(357.3, 56.0, 6.1)
,0,-4.1,80,1.194781,1.194781,Automobile shop,(357.3, 56.0, 6.1)
,0,-4.1,81,1.201591,1.201591,Automobile shop,(357.3, 56.0, 6.1)
,0,-4.1,82,1.208535,1.208535,Automobile shop,(357.3, 56.0, 6.1)
,0,-4.1,83,1.215523,1.215523,Automobile shop,(357.3, 56.0, 6.1)
,0,-4.1,84,1.222344,1.222344,Automobile shop,(357.3, 56.0, 6.1)
,0,-4.1,85,1.229336,1.229336,Automobile shop,(357.3, 56.0, 6.1)
,0,-4.1,86,1.237213,1.237213,Automobile shop,(357.3, 56.0, 6.1)
,0,-4.1,87,1.243243,1.243243,Automobile shop,(357.3, 56.0, 6.1)
,0,-4.1,88,1.250332,1.250332,Automobile shop,(357.3, 56.0, 6.1)
,0,-4.1,89,1.257119,1.257119,Automobile shop,(357.3, 56.0, 6.1)
,0,-4.1,90,1.26407,1.26407,Automobile shop,(357.3, 56.0, 6.1)
,0,-4.1,91,1.270977,1.270977,Automobile shop,(357.3, 56.0, 6.1)
,0,-4.1,92,1.27805,1.27805,Automobile shop,(357.3, 56.0, 6.1)
,0,-4.1,93,1.284964,1.284964,Automobile shop,(357.3, 56.0, 6.1)
,0,-4.1,94,1.291822,1.291822,Automobile shop,(357.3, 56.0, 6.1)
,0,-4.1,95,1.29876,1.29876,Automobile shop,(357.3, 56.0, 6.1)
,0,-4.1,96,1.305782,1.305782,Automobile shop,(357.3, 56.0, 6.1)
,0,-4.1,97,1.312687,1.312687,Automobile shop,(357.3, 56.0, 6.1)
,0,-4.1,98,1.319836,1.319836,Automobile shop,(357.3, 56.0, 6.1)
,0,-4.1,99,1.326826,1.326826,Automobile shop,(357.3, 56.0, 6.1)
,0,-4.1,100,1.334068,1.334068,Automobile shop,(357.3, 56.0, 6.1)
,0,-4.1,101,1.341254,1.341254,Automobile shop,(357.3, 56.0, 6.1)
,0,-4.1,102,1.348009,1.348009,Automobile shop,(357.3, 56.0, 6.1)
,0,-4.1,103,1.355135,1.355135,Automobile shop,(357.3, 56.0, 6.1)
,0,-4.1,104,1.362195,1.362195,Automobile shop,(357.3, 56.0, 6.1)
,0,-4.1,105,1.369226,1.369226,Automobile shop,(357.3, 56.0, 6.1)
,0,-4.1,106,1.376108,1.376108,Automobile shop,(357.3, 56.0, 6.1)
,0,-4.1,107,1.383031,1.383031,Automobile shop,(357.3, 56.0, 6.1)
,0,-4.1,108,1.390115,1.390115,Automobile shop,(357.3, 56.0, 6.1)
,0,-4.1,109,1.397027,1.397027,Automobile shop,(357.3, 56.0, 6.1)
,0,-4.1,110,1.403813,1.403813,Automobile shop,(357.3, 56.0, 6.1)
,0,-4.1,111,1.410818,1.410818,Automobile shop,(357.3, 56.0, 6.1)
,0,-4.1,112,1.417695,1.417695,Automobile shop,(357.3, 56.0, 6.1)
,0,-4.1,113,1.425488,1.425488,Automobile shop,(357.3, 56.0, 6.1)
,0,-4.1,114,1.431808,1.431808,Automobile shop,(357.3, 56.0, 6.1)
,0,-4.1,115,1.439577,1.439577,Automobile shop,(357.3, 56.0, 6.1)
,0,-4.1,116,1.446224,1.446224,Automobile shop,(357.3, 56.0, 6.1)
,0,-4.1,117,1.453136,1.453136,Automobile shop,(357.3, 56.0, 6.1)
,0,-4.1,118,1.459634,1.459634,Automobile shop,(357.3, 56.0, 6.1)
,0,-4.1,119,1.466753,1.466753,Automobile shop,(357.3, 56.0, 6.1)
,0,-4.1,120,1.473679,1.473679,Automobile shop,(357.3, 56.0, 6.1)
,0,-4.1,121,1.480362,1.480362,Automobile shop,(357.3, 56.0, 6.1)
,0,-4.1,122,1.487427,1.487427,Automobile shop,(357.3, 56.0, 6.1)
,0,-4.1,123,1.494452,1.494452,Automobile shop,(357.3, 56.0, 6.1)
,0,-4.1,124,1.501306,1.501306,Automobile shop,(357.3, 56.0, 6.1)
,0,-4.1,125,1.508444,1.508444,Automobile shop,(357.3, 56.0, 6.1)
,0,-4.1,126,1.515248,1.515248,Automobile shop,(357.3, 56.0, 6.1)
,0,-4.1,127,1.522178,1.522178,Automobile shop,(357.3, 56.0, 6.1)
,0,-4.1,128,1.529124,1.529124,Automobile shop,(357.3, 56.0, 6.1)
,0,-4.1,129,1.53579,1.53579,Automobile shop,(357.3, 56.0, 6.1)
,0,-4.1,130,1.543006,1.543006,Automobile shop,(357.3, 56.0, 6.1)
,0,-4.1,131,1.549754,1.549754,Automobile shop,(357.3, 56.0, 6.1)
,0,-4.1,132,1.557031,1.557031,Automobile shop,(357.3, 56.0, 6.1)
,0,-4.1,133,1.56396,1.56396,Automobile shop,(357.3, 56.0, 6.1)
,0,-4.1,134,1.570764,1.570764,Automobile shop,(357.3, 56.0, 6.1)
,0,-4.1,135,1.577505,1.577505,Automobile shop,(357.3, 56.0, 6.1)
,0,-4.1,136,1.584527,1.584527,Automobile shop,(357.3, 56.0, 6.1)
,0,-4.1,137,1.591519,1.591519,Automobile shop,(357.3, 56.0, 6.1)
,0,-4.1,138,1.598364,1.598364,Automobile shop,(357.3, 56.0, 6.1)
,0,-4.1,139,1.605425,1.605425,Automobile shop,(357.3, 56.0, 6.1)
,0,-4.1,140,1.612258,1.612258,Automobile shop,(357.3, 56.0, 6.1)
,0,-4.1,141,1.619263,1.619263,Automobile shop,(357.3, 56.0, 6.1)
,0,-4.1,142,1.626063,1.626063,Automobile shop,(357.3, 56.0, 6.1)
,0,-4.1,143,1.633102,1.633102,Automobile shop,(357.3, 56.0, 6.1)
,0,-4.1,144,1.640898,1.640898,Automobile shop,(357.3, 56.0, 6.1)
,0,-4.1,145,1.647126,1.647126,Automobile shop,(357.3, 56.0, 6.1)
,0,-4.1,146,1.654134,1.654134,Automobile shop,(357.3, 56.0, 6.1)
,0,-4.1,147,1.660881,1.660881,Automobile shop,(357.3, 56.0, 6.1)
,0,-4.1,148,1.66777,1.66777,Automobile shop,(357.3, 56.0, 6.1)
,0,-4.1,149,1.674715,1.674715,Automobile shop,(357.3, 56.0, 6.1)
,0,-4.1,150,1.681826,1.681826,Automobile shop,(357.3, 56.0, 6.1)
,0,-4.1,151,1.688562,1.688562,Automobile shop,(357.3, 56.0, 6.1)
,0,-4.1,152,1.695562,1.695562,Automobile shop,(357.3, 56.0, 6.1)
,0,-4.1,153,1.702473,1.702473,Automobile shop,(357.3, 56.0, 6.1)
,0,-4.1,154,1.709428,1.709428,Automobile shop,(357.3, 56.0, 6.1)
,0,-4.1,155,1.71635,1.71635,Automobile shop,(357.3, 56.0, 6.1)
,0,-4.1,156,1.723491,1.723491,Automobile shop,(357.3, 56.0, 6.1)
,0,-4.1,157,1.730808,1.730808,Automobile shop,(357.3, 56.0, 6.1)
,0,-4.1,158,1.737201,1.737201,Automobile shop,(357.3, 56.0, 6.1)
,0,-4.1,159,1.744325,1.744325,Automobile shop,(357.3, 56.0, 6.1)
,0,-4.1,160,1.751303,1.751303,Automobile shop,(357.3, 56.0, 6.1)
,0,-4.1,161,1.763343,1.763343,Automobile shop,(357.3, 56.0, 6.1)
,0,-4.1,162,1.767178,1.767178,Automobile shop,(357.3, 56.0, 6.1)
,0,-4.1,163,1.772038,1.772038,Automobile shop,(357.3, 56.0, 6.1)
,0,-4.1,164,1.778992,1.778992,Automobile shop,(357.3, 56.0, 6.1)
,0,-4.1,165,1.785977,1.785977,Automobile shop,(357.3, 56.0, 6.1)
,0,-4.1,166,1.796098,1.796098,Automobile shop,(357.3, 56.0, 6.1)
,0,-4.1,167,1.799802,1.799802,Automobile shop,(357.3, 56.0, 6.1)
,0,-4.1,168,1.807905,1.807905,Automobile shop,(357.3, 56.0, 6.1)
,0,-4.1,169,1.813938,1.813938,Automobile shop,(357.3, 56.0, 6.1)
,0,-4.1,170,1.825716,1.825716,Automobile shop,(357.3, 56.0, 6.1)
,0,-4.1,171,1.834306,1.834306,Automobile shop,(357.3, 56.0, 6.1)
,0,-4.1,172,1.843106,1.843106,Automobile shop,(357.3, 56.0, 6.1)
,0,-4.1,173,1.851185,1.851185,Automobile shop,(357.3, 56.0, 6.1)
,0,-4.1,174,1.859324,1.859324,Automobile shop,(357.3, 56.0, 6.1)
,0,-4.1,175,1.867269,1.867269,Automobile shop,(357.3, 56.0, 6.1)
,0,-4.1,176,1.87076,1.87076,Automobile shop,(357.3, 56.0, 6.1)
,0,-4.1,177,1.875417,1.875417,Automobile shop,(357.3, 56.0, 6.1)
,0,-4.1,178,1.882544,1.882544,Automobile shop,(357.3, 56.0, 6.1)
,0,-4.1,179,1.889367,1.889367,Automobile shop,(357.3, 56.0, 6.1)
,0,-4.1,180,1.901646,1.901646,Automobile shop,(357.3, 56.0, 6.1)
,0,-4.1,181,1.910217,1.910217,Automobile shop,(357.3, 56.0, 6.1)
,0,-4.1,182,1.913847,1.913847,Automobile shop,(357.3, 56.0, 6.1)
,0,-4.1,183,1.921621,1.921621,Automobile shop,(357.3, 56.0, 6.1)
,0,-4.1,184,1.924832,1.924832,Automobile shop,(357.3, 56.0, 6.1)
,0,-4.1,185,1.930934,1.930934,Automobile shop,(357.3, 56.0, 6.1)
,0,-4.1,186,1.937847,1.937847,Automobile shop,(357.3, 56.0, 6.1)
,0,-4.1,187,1.944914,1.944914,Automobile shop,(357.3, 56.0, 6.1)
,0,-4.1,188,1.951568,1.951568,Automobile shop,(357.3, 56.0, 6.1)
,0,-4.1,189,1.959067,1.959067,Automobile shop,(357.3, 56.0, 6.1)
,0,-4.1,190,1.965754,1.965754,Automobile shop,(357.3, 56.0, 6.1)
,0,-4.1,191,1.972647,1.972647,Automobile shop,(357.3, 56.0, 6.1)
,0,-4.1,192,1.979563,1.979563,Automobile shop,(357.3, 56.0, 6.1)
,0,-4.1,193,1.986453,1.986453,Automobile shop,(357.3, 56.0, 6.1)
,0,-4.1,194,1.993816,1.993816,Automobile shop,(357.3, 56.0, 6.1)
,0,-4.1,195,2.000254,2.000254,Automobile shop,(357.3, 56.0, 6.1)
,0,-4.1,196,2.007359,2.007359,Automobile shop,(357.3, 56.0, 6.1)
,0,-4.1,197,2.014295,2.014295,Automobile shop,(357.3, 56.0, 6.1)
,0,-4.1,198,2.02137,2.02137,Automobile shop,(357.3, 56.0, 6.1)
,0,-4.1,199,2.02799,2.02799,Automobile shop,(357.3, 56.0, 6.1)
,0,-4.1,200,2.035077,2.035077,Automobile shop,(357.3, 56.0, 6.1)
,0,-4.1,201,2.043218,2.043218,Automobile shop,(357.3, 56.0, 6.1)
,0,-4.1,202,2.048922,2.048922,Automobile shop,(357.3, 56.0, 6.1)
,0,-4.1,203,2.055861,2.055861,Automobile shop,(357.3, 56.0, 6.1)
,0,-4.1,204,2.062912,2.062912,Automobile shop,(357.3, 56.0, 6.1)
,0,-4.1,205,2.070169,2.070169,Automobile shop,(357.3, 56.0, 6.1)
,0,-4.1,206,2.076682,2.076682,Automobile shop,(357.3, 56.0, 6.1)
,0,-4.1,207,2.083541,2.083541,Automobile shop,(357.3, 56.0, 6.1)
,0,-4.1,208,2.090706,2.090706,Automobile shop,(357.3, 56.0, 6.1)
,0,-4.1,209,2.097419,2.097419,Automobile shop,(357.3, 56.0, 6.1)
,0,-4.1,210,2.104354,2.104354,Automobile shop,(357.3, 56.0, 6.1)
,0,-4.1,211,2.111486,2.111486,Automobile shop,(357.3, 56.0, 6.1)
,0,-4.1,212,2.118382,2.118382,Automobile shop,(357.3, 56.0, 6.1)
,0,-4.1,213,2.125152,2.125152,Automobile shop,(357.3, 56.0, 6.1)
,0,-4.1,214,2.132095,2.132095,Automobile shop,(357.3, 56.0, 6.1)
,0,-4.1,215,2.139064,2.139064,Automobile shop,(357.3, 56.0, 6.1)
,0,-4.1,216,2.146049,2.146049,Automobile shop,(357.3, 56.0, 6.1)
,0,-4.1,217,2.152968,2.152968,Automobile shop,(357.3, 56.0, 6.1)
,0,-4.1,218,2.160079,2.160079,Automobile shop,(357.3, 56.0, 6.1)
,0,-4.1,219,2.16701,2.16701,Automobile shop,(357.3, 56.0, 6.1)
,0,-4.1,220,2.174068,2.174068,Automobile shop,(357.3, 56.0, 6.1)
,0,-4.1,221,2.181153,2.181153,Automobile shop,(357.3, 56.0, 6.1)
,0,-4.1,222,2.188187,2.188187,Automobile shop,(357.3, 56.0, 6.1)
,0,-4.1,223,2.195242,2.195242,Automobile shop,(357.3, 56.0, 6.1)
,0,-4.1,224,2.202454,2.202454,Automobile shop,(357.3, 56.0, 6.1)
,0,-4.1,225,2.209485,2.209485,Automobile shop,(357.3, 56.0, 6.1)
,0,-4.1,226,2.216366,2.216366,Automobile shop,(357.3, 56.0, 6.1)
,0,-4.1,227,2.223254,2.223254,Automobile shop,(357.3, 56.0, 6.1)
,0,-4.1,228,2.230272,2.230272,Automobile shop,(357.3, 56.0, 6.1)
,0,-4.1,229,2.237227,2.237227,Automobile shop,(357.3, 56.0, 6.1)
,0,-4.1,230,2.245136,2.245136,Automobile shop,(357.3, 56.0, 6.1)
,0,-4.1,231,2.251084,2.251084,Automobile shop,(357.3, 56.0, 6.1)
,0,-4.1,232,2.258006,2.258006,Automobile shop,(357.3, 56.0, 6.1)
,0,-4.1,233,2.264901,2.264901,Automobile shop,(357.3, 56.0, 6.1)
,0,-4.1,234,2.271996,2.271996,Automobile shop,(357.3, 56.0, 6.1)
,0,-4.1,235,2.278901,2.278901,Automobile shop,(357.3, 56.0, 6.1)
,0,-4.1,236,2.285789,2.285789,Automobile shop,(357.3, 56.0, 6.1)
,0,-4.1,237,2.292864,2.292864,Automobile shop,(357.3, 56.0, 6.1)
,0,-4.1,238,2.299691,2.299691,Automobile shop,(357.3, 56.0, 6.1)
,0,-4.1,239,2.306594,2.306594,Automobile shop,(357.3, 56.0, 6.1)
,0,-4.1,240,2.313576,2.313576,Automobile shop,(357.3, 56.0, 6.1)
,0,-4.1,241,2.320536,2.320536,Automobile shop,(357.3, 56.0, 6.1)
,0,-4.1,242,2.327669,2.327669,Automobile shop,(357.3, 56.0, 6.1)
,0,-4.1,243,2.334596,2.334596,Automobile shop,(357.3, 56.0, 6.1)
,0,-4.1,244,2.341543,2.341543,Automobile shop,(357.3, 56.0, 6.1)
,0,-4.1,245,2.348487,2.348487,Automobile shop,(357.3, 56.0, 6.1)
,0,-4.1,246,2.355386,2.355386,Automobile shop,(357.3, 56.0, 6.1)
,0,-4.1,247,2.362452,2.362452,Automobile shop,(357.3, 56.0, 6.1)
,0,-4.1,248,2.369443,2.369443,Automobile shop,(357.3, 56.0, 6.1)
,0,-4.1,249,2.376089,2.376089,Automobile shop,(357.3, 56.0, 6.1)
,0,-4.1,250,2.383251,2.383251,Automobile shop,(357.3, 56.0, 6.1)
,0,-4.1,251,2.390587,2.390587,Automobile shop,(357.3, 56.0, 6.1)
,0,-4.1,252,2.397058,2.397058,Automobile shop,(357.3, 56.0, 6.1)
,0,-4.1,253,2.404036,2.404036,Automobile shop,(357.3, 56.0, 6.1)
,0,-4.1,254,2.411131,2.411131,Automobile shop,(357.3, 56.0, 6.1)
,0,-4.1,255,2.418125,2.418125,Automobile shop,(357.3, 56.0, 6.1)
,0,-4.1,256,2.425176,2.425176,Automobile shop,(357.3, 56.0, 6.1)
,0,-4.1,257,2.431652,2.431652,Automobile shop,(357.3, 56.0, 6.1)
,0,-4.1,258,2.438865,2.438865,Automobile shop,(357.3, 56.0, 6.1)
,0,-4.1,259,2.446842,2.446842,Automobile shop,(357.3, 56.0, 6.1)
,0,-4.1,260,2.454352,2.454352,Automobile shop,(357.3, 56.0, 6.1)
,0,-4.1,261,2.462961,2.462961,Automobile shop,(357.3, 56.0, 6.1)
,0,-4.1,262,2.466523,2.466523,Automobile shop,(357.3, 56.0, 6.1)
,0,-4.1,263,2.472385,2.472385,Automobile shop,(357.3, 56.0, 6.1)
,0,-4.1,264,2.479704,2.479704,Automobile shop,(357.3, 56.0, 6.1)
,0,-4.1,265,2.486723,2.486723,Automobile shop,(357.3, 56.0, 6.1)
,0,-4.1,266,2.493509,2.493509,Automobile shop,(357.3, 56.0, 6.1)
,0,-4.1,267,2.500383,2.500383,Automobile shop,(357.3, 56.0, 6.1)
,0,-4.1,268,2.507424,2.507424,Automobile shop,(357.3, 56.0, 6.1)
,0,-4.1,269,2.514198,2.514198,Automobile shop,(357.3, 56.0, 6.1)
,0,-4.1,270,2.521035,2.521035,Automobile shop,(357.3, 56.0, 6.1)
,0,-4.1,271,2.527976,2.527976,Automobile shop,(357.3, 56.0, 6.1)
,0,-4.1,272,2.535087,2.535087,Automobile shop,(357.3, 56.0, 6.1)
,0,-4.1,273,2.541837,2.541837,Automobile shop,(357.3, 56.0, 6.1)
,0,-4.1,274,2.548933,2.548933,Automobile shop,(357.3, 56.0, 6.1)
,0,-4.1,275,2.555693,2.555693,Automobile shop,(357.3, 56.0, 6.1)
,0,-4.1,276,2.562752,2.562752,Automobile shop,(357.3, 56.0, 6.1)
,0,-4.1,277,2.569966,2.569966,Automobile shop,(357.3, 56.0, 6.1)
,0,-4.1,278,2.576863,2.576863,Automobile shop,(357.3, 56.0, 6.1)
,0,-4.1,279,2.583566,2.583566,Automobile shop,(357.3, 56.0, 6.1)
,0,-4.1,280,2.590453,2.590453,Automobile shop,(357.3, 56.0, 6.1)
,0,-4.1,281,2.597474,2.597474,Automobile shop,(357.3, 56.0, 6.1)
,0,-4.1,282,2.604773,2.604773,Automobile shop,(357.3, 56.0, 6.1)
,0,-4.1,283,2.611423,2.611423,Automobile shop,(357.3, 56.0, 6.1)
,0,-4.1,284,2.618231,2.618231,Automobile shop,(357.3, 56.0, 6.1)
,0,-4.1,285,2.625321,2.625321,Automobile shop,(357.3, 56.0, 6.1)
,0,-4.1,286,2.632125,2.632125,Automobile shop,(357.3, 56.0, 6.1)
,0,-4.1,287,2.639149,2.639149,Automobile shop,(357.3, 56.0, 6.1)
,0,-4.1,288,2.647185,2.647185,Automobile shop,(357.3, 56.0, 6.1)
,0,-4.1,289,2.652966,2.652966,Automobile shop,(357.3, 56.0, 6.1)
,0,-4.1,290,2.660156,2.660156,Automobile shop,(357.3, 56.0, 6.1)
,0,-4.1,291,2.667088,2.667088,Automobile shop,(357.3, 56.0, 6.1)
,0,-4.1,292,2.674024,2.674024,Automobile shop,(357.3, 56.0, 6.1)
,0,-4.1,293,2.680919,2.680919,Automobile shop,(357.3, 56.0, 6.1)
,0,-4.1,294,2.687631,2.687631,Automobile shop,(357.3, 56.0, 6.1)
,0,-4.1,295,2.695111,2.695111,Automobile shop,(357.3, 56.0, 6.1)
,0,-4.1,296,2.702002,2.702002,Automobile shop,(357.3, 56.0, 6.1)
,0,-4.1,297,2.708997,2.708997,Automobile shop,(357.3, 56.0, 6.1)
,0,-4.1,298,2.716138,2.716138,Automobile shop,(357.3, 56.0, 6.1)
,0,-4.1,299,2.723154,2.723154,Automobile shop,(357.3, 56.0, 6.1)
,0,-4.1,300,2.730211,2.730211,Automobile shop,(357.3, 56.0, 6.1)
,0,-4.1,301,2.737241,2.737241,Automobile shop,(357.3, 56.0, 6.1)
,0,-4.1,302,2.744208,2.744208,Automobile shop,(357.3, 56.0, 6.1)
,0,-4.1,303,2.751066,2.751066,Automobile shop,(357.3, 56.0, 6.1)
,0,-4.1,304,2.758018,2.758018,Automobile shop,(357.3, 56.0, 6.1)
,0,-4.1,305,2.764919,2.764919,Automobile shop,(357.3, 56.0, 6.1)
,0,-4.1,306,2.771888,2.771888,Automobile shop,(357.3, 56.0, 6.1)
,0,-4.1,307,2.778845,2.778845,Automobile shop,(357.3, 56.0, 6.1)
,0,-4.1,308,2.785766,2.785766,Automobile shop,(357.3, 56.0, 6.1)
,0,-4.1,309,2.792779,2.792779,Automobile shop,(357.3, 56.0, 6.1)
,0,-4.1,310,2.799665,2.799665,Automobile shop,(357.3, 56.0, 6.1)
,0,-4.1,311,2.806669,2.806669,Automobile shop,(357.3, 56.0, 6.1)
,0,-4.1,312,2.813483,2.813483,Automobile shop,(357.3, 56.0, 6.1)
,0,-4.1,313,2.820719,2.820719,Automobile shop,(357.3, 56.0, 6.1)
,0,-4.1,314,2.827461,2.827461,Automobile shop,(357.3, 56.0, 6.1)
,0,-4.1,315,2.834349,2.834349,Automobile shop,(357.3, 56.0, 6.1)
,0,-4.1,316,2.841435,2.841435,Automobile shop,(357.3, 56.0, 6.1)
,0,-4.1,317,2.849171,2.849171,Automobile shop,(357.3, 56.0, 6.1)
,0,-4.1,318,2.855213,2.855213,Automobile shop,(357.3, 56.0, 6.1)
,0,-4.1,319,2.862337,2.862337,Automobile shop,(357.3, 56.0, 6.1)
,0,-4.1,320,2.869193,2.869193,Automobile shop,(357.3, 56.0, 6.1)
,0,-4.1,321,2.876118,2.876118,Automobile shop,(357.3, 56.0, 6.1)
,0,-4.1,322,2.883087,2.883087,Automobile shop,(357.3, 56.0, 6.1)
,0,-4.1,323,2.890096,2.890096,Automobile shop,(357.3, 56.0, 6.1)
,0,-4.1,324,2.897164,2.897164,Automobile shop,(357.3, 56.0, 6.1)
,0,-4.1,325,2.90383,2.90383,Automobile shop,(357.3, 56.0, 6.1)
,0,-4.1,326,2.910973,2.910973,Automobile shop,(357.3, 56.0, 6.1)
,0,-4.1,327,2.918004,2.918004,Automobile shop,(357.3, 56.0, 6.1)
,0,-4.1,328,2.924703,2.924703,Automobile shop,(357.3, 56.0, 6.1)
,0,-4.1,329,2.931778,2.931778,Automobile shop,(357.3, 56.0, 6.1)
,0,-4.1,330,2.938763,2.938763,Automobile shop,(357.3, 56.0, 6.1)
,0,-4.1,331,2.945835,2.945835,Automobile shop,(357.3, 56.0, 6.1)
,0,-4.1,332,2.952452,2.952452,Automobile shop,(357.3, 56.0, 6.1)
,0,-4.1,333,2.959628,2.959628,Automobile shop,(357.3, 56.0, 6.1)
,0,-4.1,334,2.966634,2.966634,Automobile shop,(357.3, 56.0, 6.1)
,0,-4.1,335,2.973548,2.973548,Automobile shop,(357.3, 56.0, 6.1)
,0,-4.1,336,2.980448,2.980448,Automobile shop,(357.3, 56.0, 6.1)
,0,-4.1,337,2.987152,2.987152,Automobile shop,(357.3, 56.0, 6.1)
,0,-4.1,338,2.994339,2.994339,Automobile shop,(357.3, 56.0, 6.1)
,0,-4.1,339,3.001244,3.001244,Automobile shop,(357.3, 56.0, 6.1)
,0,-4.1,340,3.008059,3.008059,Automobile shop,(357.3, 56.0, 6.1)
,0,-4.1,341,3.014984,3.014984,Automobile shop,(357.3, 56.0, 6.1)
,0,-4.1,342,3.021898,3.021898,Automobile shop,(357.3, 56.0, 6.1)
,0,-4.1,343,3.028879,3.028879,Automobile shop,(357.3, 56.0, 6.1)
,0,-4.1,344,3.035741,3.035741,Automobile shop,(357.3, 56.0, 6.1)
,0,-4.1,345,3.042725,3.042725,Automobile shop,(357.3, 56.0, 6.1)
,0,-4.1,346,3.050574,3.050574,Automobile shop,(357.3, 56.0, 6.1)
,0,-4.1,347,3.056599,3.056599,Automobile shop,(357.3, 56.0, 6.1)
,0,-4.1,348,3.063761,3.063761,Automobile shop,(357.3, 56.0, 6.1)
,0,-4.1,349,3.070646,3.070646,Automobile shop,(357.3, 56.0, 6.1)
,0,-4.1,350,3.077427,3.077427,Automobile shop,(357.3, 56.0, 6.1)
,0,-4.1,351,3.084347,3.084347,Automobile shop,(357.3, 56.0, 6.1)
,0,-4.1,352,3.091325,3.091325,Automobile shop,(357.3, 56.0, 6.1)
,0,-4.1,353,3.098338,3.098338,Automobile shop,(357.3, 56.0, 6.1)
,0,-4.1,354,3.105475,3.105475,Automobile shop,(357.3, 56.0, 6.1)
,0,-4.1,355,3.11222,3.11222,Automobile shop,(357.3, 56.0, 6.1)
,0,-4.1,356,3.119087,3.119087,Automobile shop,(357.3, 56.0, 6.1)
,0,-4.1,357,3.126086,3.126086,Automobile shop,(357.3, 56.0, 6.1)
,0,-4.1,358,3.132966,3.132966,Automobile shop,(357.3, 56.0, 6.1)
,0,-4.1,359,3.140027,3.140027,Automobile shop,(357.3, 56.0, 6.1)
,0,-4.1,360,3.149777,3.149777,Automobile shop,(357.3, 56.0, 6.1)
,0,-4.1,361,3.158975,3.158975,Automobile shop,(357.3, 56.0, 6.1)
,0,-4.1,362,3.162629,3.162629,Automobile shop,(357.3, 56.0, 6.1)
,0,-4.1,363,3.168553,3.168553,Automobile shop,(357.3, 56.0, 6.1)
,0,-4.1,364,3.175907,3.175907,Automobile shop,(357.3, 56.0, 6.1)
,0,-4.1,365,3.181581,3.181581,Automobile shop,(357.3, 56.0, 6.1)
,0,-4.1,366,3.188717,3.188717,Automobile shop,(357.3, 56.0, 6.1)
,0,-4.1,367,3.195514,3.195514,Automobile shop,(357.3, 56.0, 6.1)
,0,-4.1,368,3.202442,3.202442,Automobile shop,(357.3, 56.0, 6.1)
,0,-4.1,369,3.209432,3.209432,Automobile shop,(357.3, 56.0, 6.1)
,0,-4.1,370,3.216299,3.216299,Automobile shop,(357.3, 56.0, 6.1)
,0,-4.1,371,3.223293,3.223293,Automobile shop,(357.3, 56.0, 6.1)
,0,-4.1,372,3.230252,3.230252,Automobile shop,(357.3, 56.0, 6.1)
,0,-4.1,373,3.237116,3.237116,Automobile shop,(357.3, 56.0, 6.1)
,0,-4.1,374,3.244122,3.244122,Automobile shop,(357.3, 56.0, 6.1)
,0,-4.1,375,3.251908,3.251908,Automobile shop,(357.3, 56.0, 6.1)
,0,-4.1,376,3.25798,3.25798,Automobile shop,(357.3, 56.0, 6.1)
,0,-4.1,377,3.274001,3.274001,Automobile shop,(357.3, 56.0, 6.1)
